{
  "IcoMoonType": "selection",
  "icons": [
    {
      "icon": {
        "paths": [
          "M928 0h-832c-52.8 0-96 43.2-96 96v832c0 52.8 43.2 96 96 96h416v-448h-128v-128h128v-64c0-105.8 86.2-192 192-192h128v128h-128c-35.2 0-64 28.8-64 64v64h192l-32 128h-160v448h288c52.8 0 96-43.2 96-96v-832c0-52.8-43.2-96-96-96z"
        ],
        "tags": [
          "facebook",
          "brand",
          "social"
        ],
        "defaultCode": 60049,
        "grid": 16,
        "attrs": []
      },
      "attrs": [],
      "properties": {
        "ligatures": "facebook2, brand11",
        "name": "facebook2",
        "order": 8,
        "id": 402,
        "prevSize": 32,
        "code": 60049
      },
      "setIdx": 0,
      "setId": 1,
      "iconIdx": 401
    },
    {
      "icon": {
        "paths": [
          "M1013.8 307.2c0 0-10-70.6-40.8-101.6-39-40.8-82.6-41-102.6-43.4-143.2-10.4-358.2-10.4-358.2-10.4h-0.4c0 0-215 0-358.2 10.4-20 2.4-63.6 2.6-102.6 43.4-30.8 31-40.6 101.6-40.6 101.6s-10.2 82.8-10.2 165.8v77.6c0 82.8 10.2 165.8 10.2 165.8s10 70.6 40.6 101.6c39 40.8 90.2 39.4 113 43.8 82 7.8 348.2 10.2 348.2 10.2s215.2-0.4 358.4-10.6c20-2.4 63.6-2.6 102.6-43.4 30.8-31 40.8-101.6 40.8-101.6s10.2-82.8 10.2-165.8v-77.6c-0.2-82.8-10.4-165.8-10.4-165.8zM406.2 644.8v-287.8l276.6 144.4-276.6 143.4z"
        ],
        "tags": [
          "youtube",
          "brand",
          "social"
        ],
        "defaultCode": 60061,
        "grid": 16,
        "attrs": []
      },
      "attrs": [],
      "properties": {
        "ligatures": "youtube, brand21",
        "name": "youtube",
        "order": 3,
        "id": 414,
        "prevSize": 32,
        "code": 60061
      },
      "setIdx": 0,
      "setId": 1,
      "iconIdx": 413
    },
    {
      "icon": {
        "paths": [
          "M96 0l-96 160v736h256v128h128l128-128h160l288-288v-608h-864zM832 544l-160 160h-160l-128 128v-128h-192v-576h640v416z",
          "M608 256h96v256h-96v-256z",
          "M416 256h96v256h-96v-256z"
        ],
        "tags": [
          "twitch",
          "brand",
          "social"
        ],
        "defaultCode": 60063,
        "grid": 16,
        "attrs": []
      },
      "attrs": [],
      "properties": {
        "ligatures": "twitch, brand23",
        "name": "twitch",
        "order": 4,
        "id": 416,
        "prevSize": 32,
        "code": 60063
      },
      "setIdx": 0,
      "setId": 1,
      "iconIdx": 415
    },
    {
      "icon": {
        "paths": [
          "M303.922 836.010c27.144 0 53.786-13.136 69.972-37.416 25.734-38.602 15.302-90.754-23.298-116.488l-66.074-44.048c11.308-3.080 23.194-4.756 35.478-4.756 74.392 0 134.696 60.304 134.696 134.698s-60.306 134.698-134.698 134.698c-72.404 0-131.444-57.132-134.548-128.774l71.954 47.968c14.322 9.548 30.506 14.118 46.518 14.118zM853.34 0c93.876 0 170.66 76.812 170.66 170.688v682.628c0 93.936-76.784 170.684-170.66 170.684h-682.652c-93.876 0-170.688-76.75-170.688-170.682v-203.028l121.334 80.888c-11.652 63.174 6.938 130.83 55.798 179.69 78.904 78.904 206.83 78.904 285.736 0 48.468-48.466 67.15-115.43 56.076-178.166l249.056-222.988c46.248-6.638 90.816-27.744 126.394-63.322 87.476-87.476 87.476-229.306 0-316.784-87.48-87.478-229.308-87.478-316.786 0-35.578 35.578-56.684 80.146-63.322 126.392v0l-204.694 310.23c-31.848 1.632-63.378 10.764-91.726 27.392l-217.866-145.244v-277.69c0-93.876 76.81-170.688 170.686-170.688h682.654zM896 288c0-88.366-71.634-160-160-160s-160 71.634-160 160 71.634 160 160 160 160-71.634 160-160zM640 288c0-53.020 42.98-96 96-96s96 42.98 96 96-42.98 96-96 96-96-42.98-96-96z"
        ],
        "tags": [
          "steam",
          "brand",
          "social"
        ],
        "defaultCode": 60077,
        "grid": 16,
        "attrs": []
      },
      "attrs": [],
      "properties": {
        "ligatures": "steam2, brand37",
        "name": "steam2",
        "order": 7,
        "id": 430,
        "prevSize": 32,
        "code": 60077
      },
      "setIdx": 0,
      "setId": 1,
      "iconIdx": 429
    }
  ],
  "height": 1024,
  "metadata": {
    "name": "icomoon"
  },
  "preferences": {
    "showGlyphs": true,
    "showQuickUse": true,
    "showQuickUse2": true,
    "showSVGs": true,
    "fontPref": {
      "prefix": "icon-",
      "metadata": {
        "fontFamily": "icomoon"
      },
      "metrics": {
        "emSize": 1024,
        "baseline": 6.25,
        "whitespace": 50
      },
      "embed": false
    },
    "imagePref": {
      "prefix": "icon-",
      "png": true,
      "useClassSelector": true,
      "color": 0,
      "bgColor": 16777215,
      "classSelector": ".icon"
    },
    "historySize": 50,
    "showCodes": true,
    "gridSize": 16
  }
}